{"cameraMode":{"drawMode":0,"name":"Shaded","section":"Shading Mode"},"sceneLighting":false,"audioPlay":false,"sceneViewState":{"m_AlwaysRefresh":false,"showFog":false,"showSkybox":false,"showFlares":false,"showImageEffects":false,"showParticleSystems":false,"showVisualEffectGraphs":true,"m_FxEnabled":true},"in2DMode":false,"pivot":{"x":1.2024339437484742,"y":5.965221405029297,"z":-15.83364486694336},"rotation":{"x":-0.10953858494758606,"y":-0.030712898820638658,"z":0.0033999448642134668,"w":-0.9935205578804016},"size":2.113023042678833,"orthographic":false}