{"cameraMode":{"drawMode":0,"name":"Shaded","section":"Shading Mode"},"sceneLighting":false,"audioPlay":false,"sceneViewState":{"m_AlwaysRefresh":false,"showFog":false,"showSkybox":false,"showFlares":false,"showImageEffects":false,"showParticleSystems":false,"showVisualEffectGraphs":true,"m_FxEnabled":true},"in2DMode":false,"pivot":{"x":0.6082952618598938,"y":0.2648559510707855,"z":1.3164405822753907},"rotation":{"x":-0.16124171018600465,"y":0.06597666442394257,"z":-0.01084886584430933,"w":-0.9846974611282349},"size":1.1780686378479005,"orthographic":false}