{"cameraMode":{"drawMode":0,"name":"Shaded","section":"Shading Mode"},"sceneLighting":false,"audioPlay":false,"sceneViewState":{"m_AlwaysRefresh":false,"showFog":false,"showSkybox":false,"showFlares":false,"showImageEffects":false,"showParticleSystems":false,"showVisualEffectGraphs":true,"m_FxEnabled":true},"in2DMode":false,"pivot":{"x":3.131958484649658,"y":8.726999282836914,"z":1.5788283348083497},"rotation":{"x":-0.0005223902408033609,"y":0.9981947541236877,"z":0.05965292826294899,"w":0.008970201015472412},"size":6.529452323913574,"orthographic":false}