{"cameraMode":{"drawMode":0,"name":"Shaded","section":"Shading Mode"},"sceneLighting":false,"audioPlay":false,"sceneViewState":{"m_AlwaysRefresh":false,"showFog":false,"showSkybox":false,"showFlares":false,"showImageEffects":false,"showParticleSystems":false,"showVisualEffectGraphs":true,"m_FxEnabled":true},"in2DMode":false,"pivot":{"x":-0.03564101457595825,"y":0.7153036594390869,"z":-0.06428763270378113},"rotation":{"x":-0.13921710848808289,"y":-0.6780940294265747,"z":0.1330946385860443,"w":-0.7093135714530945},"size":0.9083235263824463,"orthographic":false}