{"cameraMode":{"drawMode":0,"name":"Shaded","section":"Shading Mode"},"sceneLighting":false,"audioPlay":false,"sceneViewState":{"m_AlwaysRefresh":false,"showFog":false,"showSkybox":false,"showFlares":false,"showImageEffects":false,"showParticleSystems":false,"showVisualEffectGraphs":true,"m_FxEnabled":true},"in2DMode":false,"pivot":{"x":12.66568660736084,"y":3.8344855308532717,"z":-13.86188793182373},"rotation":{"x":0.046773187816143039,"y":-0.03116568922996521,"z":0.0014581655850633979,"w":0.9984707236289978},"size":4.117362022399902,"orthographic":false}