{"cameraMode":{"drawMode":0,"name":"Shaded","section":"Shading Mode"},"sceneLighting":false,"audioPlay":false,"sceneViewState":{"m_AlwaysRefresh":false,"showFog":false,"showSkybox":false,"showFlares":false,"showImageEffects":false,"showParticleSystems":false,"showVisualEffectGraphs":true,"m_FxEnabled":true},"in2DMode":false,"pivot":{"x":0.07812273502349854,"y":-0.33339929580688479,"z":2.2681498527526857},"rotation":{"x":-0.06284268945455551,"y":0.7444931864738464,"z":-0.07080759853124619,"w":-0.6609461307525635},"size":2.880685329437256,"orthographic":false}