{"cameraMode":{"drawMode":0,"name":"Shaded","section":"Shading Mode"},"sceneLighting":false,"audioPlay":false,"sceneViewState":{"m_AlwaysRefresh":false,"showFog":false,"showSkybox":false,"showFlares":false,"showImageEffects":false,"showParticleSystems":false,"showVisualEffectGraphs":true,"m_FxEnabled":true},"in2DMode":false,"pivot":{"x":-5.269999980926514,"y":6.679999828338623,"z":11.791000366210938},"rotation":{"x":-0.24632669985294343,"y":-0.056081727147102359,"z":0.014291196130216122,"w":-0.9674806594848633},"size":0.1732051968574524,"orthographic":false}