{"cameraMode":{"drawMode":0,"name":"Shaded","section":"Shading Mode"},"sceneLighting":false,"audioPlay":false,"sceneViewState":{"m_AlwaysRefresh":false,"showFog":false,"showSkybox":false,"showFlares":false,"showImageEffects":false,"showParticleSystems":false,"showVisualEffectGraphs":true,"m_FxEnabled":true},"in2DMode":false,"pivot":{"x":-0.48902207612991335,"y":0.17500823736190797,"z":-0.11303353309631348},"rotation":{"x":0.0006276327767409384,"y":-0.9990666508674622,"z":-0.015588277019560337,"w":-0.04018712043762207},"size":1.5535888671875,"orthographic":false}