{"cameraMode":{"drawMode":0,"name":"Shaded","section":"Shading Mode"},"sceneLighting":false,"audioPlay":false,"sceneViewState":{"m_AlwaysRefresh":false,"showFog":false,"showSkybox":false,"showFlares":false,"showImageEffects":false,"showParticleSystems":false,"showVisualEffectGraphs":true,"m_FxEnabled":true},"in2DMode":false,"pivot":{"x":-0.39629578590393069,"y":2.6800484657287599,"z":-20.41482925415039},"rotation":{"x":-0.1036410853266716,"y":-0.23287804424762727,"z":0.024981509894132615,"w":-0.9666671752929688},"size":1.8667182922363282,"orthographic":false}