{"cameraMode":{"drawMode":0,"name":"Shaded","section":"Shading Mode"},"sceneLighting":false,"audioPlay":false,"sceneViewState":{"m_AlwaysRefresh":false,"showFog":false,"showSkybox":false,"showFlares":false,"showImageEffects":false,"showParticleSystems":false,"showVisualEffectGraphs":true,"m_FxEnabled":true},"in2DMode":false,"pivot":{"x":-0.00022786855697631836,"y":0.6907037496566773,"z":0.029178500175476075},"rotation":{"x":-0.13921710848808289,"y":-0.6780940294265747,"z":0.1330946385860443,"w":-0.7093135714530945},"size":0.8677593469619751,"orthographic":false}