{"cameraMode":{"drawMode":0,"name":"Shaded","section":"Shading Mode"},"sceneLighting":false,"audioPlay":false,"sceneViewState":{"m_AlwaysRefresh":false,"showFog":false,"showSkybox":false,"showFlares":false,"showImageEffects":false,"showParticleSystems":false,"showVisualEffectGraphs":true,"m_FxEnabled":true},"in2DMode":false,"pivot":{"x":-41.75723648071289,"y":2.4199886322021486,"z":-39.65262985229492},"rotation":{"x":-0.0059025161899626259,"y":-0.3640403151512146,"z":0.0022323005832731725,"w":-0.9314111471176148},"size":1.1660254001617432,"orthographic":false}