{"cameraMode":{"drawMode":0,"name":"Shaded","section":"Shading Mode"},"sceneLighting":false,"audioPlay":false,"sceneViewState":{"m_AlwaysRefresh":false,"showFog":false,"showSkybox":false,"showFlares":false,"showImageEffects":false,"showParticleSystems":false,"showVisualEffectGraphs":true,"m_FxEnabled":true},"in2DMode":false,"pivot":{"x":-0.40039920806884768,"y":3.5607690811157228,"z":1.3260250091552735},"rotation":{"x":0.12183436006307602,"y":-0.7117218375205994,"z":0.12755313515663148,"w":0.6800112724304199},"size":8.873390197753907,"orthographic":false}