{"cameraMode":{"drawMode":0,"name":"Shaded","section":"Shading Mode"},"sceneLighting":false,"audioPlay":false,"sceneViewState":{"m_AlwaysRefresh":false,"showFog":false,"showSkybox":false,"showFlares":false,"showImageEffects":false,"showParticleSystems":false,"showVisualEffectGraphs":true,"m_FxEnabled":true},"in2DMode":false,"pivot":{"x":0.35016632080078127,"y":0.23421812057495118,"z":-0.5978715419769287},"rotation":{"x":-0.13008467853069306,"y":0.8698961734771729,"z":-0.3397141993045807,"w":-0.33310312032699587},"size":2.600374937057495,"orthographic":false}