{"cameraMode":{"drawMode":0,"name":"Shaded","section":"Shading Mode"},"sceneLighting":false,"audioPlay":false,"sceneViewState":{"showFog":false,"showMaterialUpdate":false,"showSkybox":false,"showFlares":false,"showImageEffects":false,"showParticleSystems":false},"in2DMode":false,"pivot":{"x":-4.163356304168701,"y":-4.510158538818359,"z":7.0623321533203129},"rotation":{"x":0.22178100049495698,"y":-0.03771575540304184,"z":0.008584178984165192,"w":0.9743340611457825},"size":63.50722885131836,"orthographic":false}