{"cameraMode":{"drawMode":0,"name":"Shaded","section":"Shading Mode"},"sceneLighting":false,"audioPlay":false,"sceneViewState":{"showFog":false,"showMaterialUpdate":false,"showSkybox":false,"showFlares":false,"showImageEffects":false,"showParticleSystems":false},"in2DMode":false,"pivot":{"x":4.0151753425598148,"y":2.428093910217285,"z":8.494338035583496},"rotation":{"x":-0.2096155881881714,"y":-0.13676942884922028,"z":0.02962816320359707,"w":-0.9677319526672363},"size":10.822646141052246,"orthographic":false}