{"cameraMode":{"drawMode":0,"name":"Shaded","section":"Shading Mode"},"sceneLighting":false,"audioPlay":false,"sceneViewState":{"showFog":false,"showMaterialUpdate":false,"showSkybox":false,"showFlares":false,"showImageEffects":false,"showParticleSystems":false},"in2DMode":false,"pivot":{"x":3.5416650772094728,"y":4.876836776733398,"z":6.099624156951904},"rotation":{"x":0.22178100049495698,"y":-0.03771575540304184,"z":0.008584178984165192,"w":0.9743340611457825},"size":8.924324989318848,"orthographic":false}