{"cameraMode":{"drawMode":0,"name":"Shaded","section":"Shading Mode"},"sceneLighting":false,"audioPlay":false,"sceneViewState":{"m_AlwaysRefresh":false,"showFog":false,"showSkybox":false,"showFlares":false,"showImageEffects":false,"showParticleSystems":false,"showVisualEffectGraphs":true,"m_FxEnabled":true},"in2DMode":false,"pivot":{"x":-1.0920149087905884,"y":-0.20341947674751283,"z":-2.4015133380889894},"rotation":{"x":-0.09803929924964905,"y":-0.3228779435157776,"z":0.033573977649211887,"w":-0.9408053159713745},"size":1.3582406044006348,"orthographic":false}