{"cameraMode":{"drawMode":0,"name":"Shaded","section":"Shading Mode"},"sceneLighting":false,"audioPlay":false,"sceneViewState":{"m_AlwaysRefresh":false,"showFog":false,"showSkybox":false,"showFlares":false,"showImageEffects":false,"showParticleSystems":false,"showVisualEffectGraphs":true,"m_FxEnabled":true},"in2DMode":false,"pivot":{"x":-2.01544189453125,"y":6.288181781768799,"z":0.5423049926757813},"rotation":{"x":-0.0008721687481738627,"y":0.9774113297462463,"z":0.004097947385162115,"w":0.21138004958629609},"size":10.82029914855957,"orthographic":false}