{"cameraMode":{"drawMode":0,"name":"Shaded","section":"Shading Mode"},"sceneLighting":false,"audioPlay":false,"sceneViewState":{"m_AlwaysRefresh":false,"showFog":false,"showSkybox":false,"showFlares":false,"showImageEffects":false,"showParticleSystems":false,"showVisualEffectGraphs":true,"m_FxEnabled":true},"in2DMode":false,"pivot":{"x":-33.39030456542969,"y":2.5124220848083498,"z":-16.841957092285158},"rotation":{"x":0.015202411450445652,"y":-0.9643067121505737,"z":0.056775156408548358,"w":0.25818681716918948},"size":2.5989418029785158,"orthographic":false}